Make,Year,Engine Size,Mileage,Price
Honda,2015,3.9,74176,30246.20793120509
Ford,2014,1.7,94799,22785.747684331356
BMW,2006,4.1,98385,25760.290347165286
Honda,2015,2.6,88919,25638.00349070714
Honda,2004,3.4,138482,21021.386657394465
Ford,2015,2.7,81462,25509.93287629353
Audi,2000,1.3,179340,12268.206025234887
Audi,2018,2.0,165320,27783.73788099169
Honda,2004,4.4,31159,27392.17842052496
Ford,2006,4.4,42039,28434.53362361644
Audi,2018,2.1,47800,29404.954005061834
Ford,2021,4.5,40761,36811.01281668896
Ford,2004,4.0,94626,25205.003959368507
Honda,2016,3.1,118368,27796.075501353043
Honda,2021,1.1,174735,23521.88168354501
Toyota,2007,4.2,80903,26493.183231202293
Audi,2000,3.0,171484,16626.379445014078
Audi,2001,4.0,118998,21122.1891416249
Audi,2014,3.9,166439,21853.33258714576
BMW,2019,3.9,136885,34716.98001970374
Ford,2017,3.4,59894,32761.645499094437
Honda,2010,2.0,51444,23469.161589430896
Audi,2009,2.2,165341,20093.070808766803
Toyota,2003,2.1,61748,18920.31855483959
Audi,2004,1.1,41190,20152.09690167459
Ford,2003,3.0,40318,21520.12291774841
Ford,2012,3.4,168090,23293.130308719145
Honda,2012,4.0,124078,23633.389547739884
BMW,2017,1.5,39759,29288.89578862573
Honda,2001,2.9,16498,25839.54216182566
Audi,2015,1.0,25989,25546.588800832757
Toyota,2000,1.3,156640,14089.788408398124
Honda,2018,1.2,117035,22788.321295955186
BMW,2008,3.5,66577,27694.611928539816
Honda,2002,1.3,105231,15961.213902875084
Ford,2006,3.5,161171,22519.39025009384
Audi,2009,1.9,89900,19181.81635933002
Audi,2000,4.1,171711,16604.498169800227
Audi,2009,3.8,104679,23648.417357426908
Audi,2020,4.4,23482,37032.60751681
Audi,2008,4.1,69212,28849.579398883176
Audi,2014,4.3,186333,25844.62473356537
Toyota,2014,4.0,30048,31479.64694321859
BMW,2002,3.4,134137,14502.975868116162
Audi,2004,1.6,133108,17622.004589515123
BMW,2008,2.0,35814,26785.398168634143
Audi,2021,1.7,190766,28722.71774326649
Honda,2008,3.1,147996,20951.40955857868
Audi,2006,2.8,129493,19794.718978131823
Ford,2011,4.0,60204,30130.309562576305
Toyota,2008,4.3,32844,29445.48311355711
Honda,2005,2.4,81943,24753.59681452641
Honda,2001,2.8,21518,22407.72268350372
Ford,2008,4.4,148131,23895.75456201794
Audi,2016,2.0,23052,31599.826148544693
Toyota,2000,3.8,69803,23726.57862526377
Honda,2018,1.8,71524,30346.215343516054
Toyota,2005,3.4,89572,22948.26789714067
Honda,2004,1.9,139752,20338.96900473741
Audi,2001,4.1,67021,21021.26925344609
Honda,2008,3.0,20043,24750.239377055197
Honda,2013,1.7,2419,31337.129832918512
BMW,2003,1.8,187964,14716.4991509295
Audi,2003,2.7,121831,21650.08173175999
Ford,2020,4.4,101799,32908.9919162183
Ford,2014,3.7,148212,25975.3181829386
Audi,2007,2.7,174556,16516.158281751552
Ford,2003,2.2,194941,15099.270863365697
Audi,2015,2.9,176282,26209.114472633504
Ford,2020,3.6,57600,33433.34058814334
BMW,2003,3.7,116467,23440.80639148045
Ford,2015,2.1,78497,28083.89791878724
Honda,2021,3.5,108611,29044.03396667674
Audi,2011,3.3,137559,25936.31066350544
Toyota,2015,4.4,60692,31637.942553880304
Toyota,2018,4.3,62112,32975.09518341061
Audi,2007,3.8,162182,26186.290378010654
BMW,2005,3.5,16360,28876.60673366304
Ford,2009,2.0,180482,17198.895951445586
BMW,2004,4.0,83038,24977.176126019443
Toyota,2017,2.5,3017,32422.38985271645
Audi,2009,2.0,86261,26559.13630867799
Audi,2009,2.3,191196,18619.12116092821
BMW,2006,3.9,182021,25114.947306661936
BMW,2017,1.5,189340,18439.53460515992
Ford,2000,2.6,66320,20819.294492658613
Honda,2006,2.7,31127,24317.93911560689
Honda,2020,1.1,134268,23496.94278916075
Ford,2000,1.7,75088,17699.356990781285
Honda,2014,3.9,172372,23758.786640002247
Toyota,2003,3.9,180786,22721.04360997124
Honda,2019,2.0,31921,33749.07065768503
Ford,2009,4.1,4746,32267.989022928246
Honda,2008,3.7,68535,26024.54621022126
Audi,2001,2.5,65350,19866.033914444622
BMW,2013,3.6,181417,25112.76748295554
Toyota,2015,4.4,180292,26885.701902472352
Audi,2000,2.6,81131,19853.79809280083
Audi,2001,1.8,22063,23079.23601460086
Ford,2006,4.3,117116,26526.341081820985
BMW,2009,3.1,88913,24946.26993994605
BMW,2021,1.4,78946,26778.048174623844
Toyota,2019,3.0,177043,23005.61866634597
Ford,2000,2.8,134670,18367.763348682925
Toyota,2012,4.0,10564,36806.29194626599
Honda,2000,2.9,49725,20092.42346009751
Audi,2004,1.9,86134,22692.238162068115
Toyota,2015,3.4,105940,26651.88768130642
Audi,2014,2.9,191012,21301.336928173827
Ford,2016,1.8,62085,29325.596960235664
Honda,2015,3.0,17862,31096.38368667561
Ford,2012,3.9,10265,32783.26959298096
Honda,2010,1.1,140777,19619.33951242473
Honda,2016,3.2,186351,22734.554676473184
Audi,2016,2.2,62471,30066.6451118404
Ford,2001,2.0,91080,18822.83562553442
Ford,2012,2.4,194051,17320.429502165516
Toyota,2013,2.2,55828,25323.63196173479
Ford,2010,3.9,116884,19722.494305080218
Toyota,2009,2.0,108007,22203.63406434929
BMW,2002,3.6,46104,27502.93292669767
BMW,2016,1.3,40934,25459.000344440086
BMW,2014,4.3,114420,30050.07651667699
Ford,2008,3.2,6050,29958.63476812381
Ford,2009,3.5,175024,20245.044948824983
Toyota,2007,2.0,8484,29148.868312636343
Honda,2020,2.4,62648,30122.279119550163
Toyota,2012,1.8,59945,29623.28675967311
BMW,2017,4.3,184750,23591.142061999555
Toyota,2004,2.7,31323,24295.578896817515
Honda,2005,3.2,86332,23282.89595196669
Ford,2016,3.6,94605,29388.52395735864
Toyota,2010,2.3,166433,21711.01196857656
BMW,2019,3.5,10315,41780.5046353258
BMW,2015,3.4,47968,31811.732307069517
Ford,2008,3.5,157591,22168.93048525096
Toyota,2001,2.7,9107,22252.25095286496
Honda,2004,2.3,55781,19030.73705469249
Ford,2000,1.8,3869,24747.071662736176
Toyota,2003,3.9,80983,23157.28168816858
Audi,2003,3.1,158442,23986.216706491232
BMW,2021,2.6,193767,26748.073236771117
Honda,2002,4.3,191494,19708.418946895927
Honda,2008,1.2,7971,25789.70779178422
Honda,2021,4.0,96805,33467.70353011093
BMW,2011,4.5,25651,30828.316109272462
Toyota,2009,4.1,56974,25348.2945923593
Ford,2001,3.8,23446,24826.32974696832
Toyota,2010,2.3,169180,20104.287551612528
Ford,2009,1.8,3823,25613.21539754382
Honda,2021,3.6,144526,26901.532900080103
Toyota,2005,2.1,135004,17453.37937007505
Honda,2017,1.6,141292,25706.864933945883
Audi,2001,3.8,67965,25198.14156878829
Honda,2001,2.1,159280,16078.81959180701
Honda,2009,4.2,10510,32548.69585260059
Ford,2015,3.9,175117,23280.283064811338
Audi,2011,4.0,141609,23828.70041649039
Honda,2000,3.7,105935,21725.28014875638
Honda,2020,4.1,69134,31734.282338134355
Audi,2007,3.8,72254,26704.09649617642
Audi,2015,3.1,144854,22932.250811894453
Toyota,2017,2.0,114780,22461.774141132773
Ford,2012,4.1,125544,28394.957512089757
Audi,2014,3.9,65587,32574.74170435552
Audi,2020,2.7,82238,29026.458012185118
BMW,2011,1.1,75720,19873.07483505823
Audi,2007,3.2,78004,20583.0556219742
Ford,2009,1.2,22072,28480.40029906886
Honda,2013,4.2,81015,30072.03170700992
Honda,2004,4.4,72746,24946.713405663508
Honda,2017,1.7,176774,21333.476872345043
Honda,2018,3.4,102260,25860.335499702134
BMW,2014,1.3,137129,22983.346947532464
Audi,2005,3.6,128259,26287.265383770668
Honda,2010,2.2,30916,25288.685982241248
Toyota,2020,3.4,27268,39203.51407329373
Honda,2010,2.3,175050,19614.6902010778
Audi,2019,1.5,23259,33670.556257087344
Honda,2019,2.4,184655,24681.69208859138
BMW,2020,1.4,79400,28442.26237800999
Ford,2017,3.0,34293,35473.20148503057
Ford,2017,1.1,111581,25686.357877203704
Audi,2009,2.8,7043,29497.54615666564
Ford,2001,4.1,181502,14742.226323856292
Ford,2008,3.9,107009,22435.13286828753
Toyota,2013,4.1,38893,32672.45994803784
Audi,2018,4.2,171714,30749.866610742483
Audi,2009,1.4,161940,18459.902134492582
Ford,2003,1.5,26309,21001.94072224211
Ford,2005,2.9,23284,22457.45922165679
Ford,2013,4.1,126801,25792.77988503244
BMW,2003,4.4,113259,23899.012258394072
Honda,2014,1.2,100804,21646.88669550848
BMW,2015,2.2,69000,25521.107459205068
Audi,2006,1.7,84179,21088.81547304672
Toyota,2016,3.6,193179,27437.87334024478
Honda,2018,3.2,65049,32516.988775776837
Toyota,2018,1.4,29265,29908.493570740236
Audi,2016,2.7,23880,31582.972761520843
Audi,2005,3.4,84579,25173.40340471428
Toyota,2010,3.7,131327,24613.38684843462
Toyota,2015,1.1,132574,21249.13676464303
Toyota,2007,4.1,65424,28905.18791851654
Audi,2010,3.0,70966,26000.90943567536
Ford,2006,3.8,172438,18600.90519506473
Toyota,2021,3.8,158497,32061.750020259577
Honda,2018,1.7,183400,18490.145409903835
Audi,2009,1.4,67396,25966.84564913463
BMW,2008,3.5,71694,27428.21049301553
BMW,2003,1.5,136878,14717.798534521346
Honda,2014,4.0,17106,33193.20910777398
Ford,2012,3.5,56731,28305.723198605465
Toyota,2001,3.9,75010,25164.951456710096
Audi,2001,2.0,32599,23445.91250499211
Toyota,2015,2.1,71326,28056.427042160187
Audi,2008,3.3,75706,27307.46616196713
BMW,2012,1.1,9004,26520.13514982756
Toyota,2002,3.5,115018,24772.45019038796
Honda,2008,3.9,182436,24125.41376691525
Ford,2012,2.5,25792,27756.38856335729
Honda,2020,3.7,195984,28222.52343206645
Ford,2021,1.6,54645,31414.914571820114
Toyota,2001,2.1,7232,22818.87668942465
Toyota,2007,4.4,54766,27885.18671150585
Ford,2008,4.5,120601,28398.966023555608
BMW,2015,2.8,81588,27991.21249394888
Audi,2001,4.3,179614,19639.643780672908
Honda,2005,2.8,5913,29606.55813092816
Honda,2021,2.0,112406,32946.378001395686
Honda,2007,1.9,113693,19562.10010603887
Toyota,2004,4.3,93449,24485.749498157784
Honda,2008,1.6,10567,25819.65802388573
Audi,2000,3.0,38379,23274.52286547603
Audi,2008,2.9,319,29536.759777223782
Ford,2009,3.6,90005,25219.392983726
Toyota,2003,2.7,110990,17818.117960774347
Audi,2002,2.0,4791,27268.100489699496
BMW,2009,1.6,131401,21354.115001607566
Toyota,2014,3.2,61032,28511.328533321022
Toyota,2010,3.5,175150,23116.726015841465
Audi,2013,3.0,88662,30732.80105190751
BMW,2005,3.6,21300,26058.956762448688
Ford,2011,1.5,75700,24137.28042615392
Audi,2012,4.1,182017,21319.42051819694
BMW,2016,3.0,55609,29982.86675225236
Toyota,2015,1.4,191634,20951.490772229117
BMW,2002,2.6,90045,18468.303488089983
Toyota,2001,4.0,61901,24030.54726178305
Audi,2010,4.1,5703,33514.704599059834
Audi,2008,1.9,63115,24822.650264465177
Honda,2002,3.5,27676,23300.93663814228
Honda,2017,1.3,192782,21208.44974980448
Honda,2019,1.1,191149,22259.987674374755
Audi,2014,3.0,121332,26149.371033372063
Ford,2013,3.4,176512,25653.078618633383
Audi,2001,3.8,167995,17521.355362720617
BMW,2016,2.2,29802,30734.868925583025
Audi,2021,1.0,90331,24653.04942589353
Audi,2007,2.7,193976,14999.948313633242
Toyota,2009,1.1,191234,17700.457962430544
Toyota,2017,1.3,124786,23901.824940859657
Toyota,2018,2.1,65169,28014.714857767805
Audi,2007,2.5,68147,21962.337971809284
Ford,2007,2.0,22075,27050.454763526683
BMW,2002,3.0,82015,18883.221254734344
BMW,2002,1.2,9304,23920.55493637738
Ford,2011,1.5,129851,21909.44474086523
Ford,2021,3.4,120729,27347.9672239703
BMW,2016,1.5,59622,27270.82282975728
Honda,2003,3.2,54215,29496.699750732703
Toyota,2016,1.2,73973,28080.18656892695
Toyota,2013,2.4,108654,23211.24564162468
BMW,2018,1.6,143593,25453.761364477417
Ford,2008,1.4,24028,21766.77374092624
Honda,2020,3.0,39328,30290.971647787752
BMW,2011,4.2,27301,31400.338660064568
Toyota,2004,1.2,38015,22602.55453715815
Audi,2010,2.5,36845,28780.41063784284
Ford,2019,3.5,86818,32809.467449106734
Audi,2002,2.6,76394,22369.8002250704
BMW,2020,3.8,175231,24610.4677458078
Toyota,2014,1.6,43714,26892.43672970543
Honda,2013,4.4,80722,32201.26378326245
Audi,2010,2.3,25230,28225.08185321485
Honda,2019,2.2,92554,28636.512064114653
Toyota,2007,4.1,49262,28895.35173382063
Audi,2003,3.0,41722,25038.93975955444
Honda,2011,2.8,177431,17298.65543404631
Honda,2007,3.5,62796,28669.982285270788
Audi,2005,3.0,171231,18717.384185026425
Toyota,2014,1.6,87052,26262.57291497112
Honda,2011,3.4,100808,21648.308989591565
BMW,2015,1.5,136311,26006.433808281246
Audi,2015,3.8,91951,27189.626712454243
Ford,2020,4.5,50886,40538.38206406105
Ford,2019,2.3,103424,32167.2807744579
Toyota,2019,2.6,158267,23136.817961155077
BMW,2003,1.2,104697,19299.223372518383
Honda,2010,1.0,96299,19150.62628419968
Ford,2012,4.2,165746,23833.88792825096
Toyota,2008,1.5,149177,17307.484798045665
BMW,2003,2.6,160811,18555.311346758783
BMW,2011,3.9,163041,24797.223580858805
Toyota,2008,4.1,14497,28071.968356653106
Toyota,2012,2.8,132888,24835.50280680622
Honda,2015,3.0,118915,26146.03174701312
Toyota,2005,3.3,92019,19857.94423667752
Honda,2009,4.4,190326,21915.635472461978
Honda,2012,3.1,109017,29070.003706986696
Audi,2006,3.0,69385,23730.18745759413
BMW,2018,1.1,105153,21271.276377948187
BMW,2018,1.3,33826,30537.63346549701
BMW,2016,3.0,110034,25643.27963058028
Audi,2012,4.3,194437,24307.00786082489
Honda,2012,4.0,84242,28443.927009183644
Honda,2020,4.4,123066,35170.04046427376
Toyota,2001,2.8,50100,22252.433351071624
Audi,2009,3.8,125170,22552.321449320447
Toyota,2021,3.9,135431,29590.754791876352
Audi,2012,3.3,96205,24332.19770190073
Toyota,2008,2.2,12809,26341.020576671184
Ford,2000,2.6,64450,24517.081465674222
BMW,2013,4.0,38428,34075.536078845515
BMW,2015,2.0,72790,30942.88100638817
Honda,2019,4.2,111126,32302.20019179345
Ford,2014,1.8,90321,25370.1504152862
BMW,2000,3.6,2093,24098.76388335786
Honda,2016,3.2,44498,31714.43557797456
Ford,2012,3.6,116251,26126.727438041304
BMW,2014,2.5,40985,30508.00472928432
Toyota,2015,4.3,32009,31255.0400424142
Audi,2015,3.2,128515,26579.61490862016
Ford,2001,2.0,17718,19467.105751971136
Honda,2016,3.2,16705,33239.97518511037
Ford,2010,2.0,87618,24970.603763018407
Honda,2007,2.0,62598,20127.079816822334
Ford,2019,2.4,77878,26726.59549262799
Honda,2002,4.0,12239,24796.089958704462
BMW,2011,2.8,46622,27413.65008271336
Toyota,2019,3.4,46665,30171.780774339117
BMW,2015,2.4,32274,32443.280444305463
Toyota,2013,1.9,142491,23047.755963016072
BMW,2015,4.3,108368,30879.67915946868
BMW,2020,3.1,146075,24718.15422877333
Ford,2016,4.3,161938,30089.456171056445
Audi,2010,1.7,153060,21046.218880197124
Honda,2016,1.5,186966,19287.00872024147
Honda,2018,4.0,108563,27488.3141505904
Honda,2021,3.4,136746,29310.445553862184
Toyota,2000,1.7,93103,16811.987175277452
Honda,2011,1.9,66446,24127.84632888608
Honda,2014,3.8,29072,30735.536007843533
Ford,2017,2.6,33717,32457.02181468817
BMW,2013,3.3,157723,19012.699960941336
Honda,2000,2.1,117202,20199.75558066418
Audi,2012,2.3,175363,22828.08297743224
Honda,2014,4.5,122389,29301.92037659096
Toyota,2006,1.9,109525,20035.57885909501
Toyota,2014,2.8,194422,24045.001311107168
Toyota,2019,4.0,4646,36183.181687812605
Honda,2009,1.8,39713,24557.49103095305
Ford,2013,2.5,67936,29380.6361357122
Audi,2005,3.2,175403,23316.64145009985
Honda,2013,2.7,22185,27848.736353178723
Ford,2021,2.6,84263,31336.44862695357
Ford,2011,2.3,52107,24321.86624424491
Honda,2010,3.1,197626,21321.97936452172
Honda,2019,3.2,17563,32465.487043249
Ford,2021,3.3,70729,34986.64651382352
Ford,2018,1.2,15701,29414.711196077504
Ford,2001,3.2,179289,17028.507338409574
Honda,2021,4.3,175682,32578.13019491117
Ford,2019,2.9,181203,23773.84416177527
Toyota,2000,3.5,128331,20953.134388211183
Honda,2007,2.9,160482,19008.993116232603
Toyota,2013,4.0,99280,30928.59508768628
BMW,2008,4.3,189787,25684.160897660648
Honda,2001,1.6,38665,20240.93560425007
BMW,2004,2.5,15957,20813.969200477502
Ford,2007,2.4,179199,16963.77587569682
Ford,2015,2.4,194661,26432.22264804351
Audi,2021,1.4,46008,28815.3716136206
Ford,2015,3.8,61920,34546.04230079612
BMW,2012,1.1,163947,17790.078019741508
Ford,2019,2.8,113828,27146.601288212063
Honda,2014,3.3,123852,27965.77515400161
Ford,2000,1.7,132698,17083.781990138225
Audi,2021,4.2,90815,35063.59836264381
Ford,2002,3.9,194894,18065.121117127102
BMW,2005,2.6,164714,20533.02019602912
BMW,2021,2.4,38311,34307.45018860794
Ford,2013,1.8,32356,29780.256125996588
BMW,2003,3.6,3809,26262.431889401723
BMW,2017,1.5,174443,23845.10840555782
Audi,2014,3.4,34875,30013.57771506569
Honda,2008,3.9,9465,30012.547540020983
Audi,2017,1.8,197167,20886.395924753404
Toyota,2002,4.0,73844,22311.592178104456
Audi,2009,1.1,196322,12412.864779280546
Ford,2016,4.2,86889,33502.99808500944
Honda,2006,1.4,15250,22633.00091527371
Ford,2014,3.3,46023,29759.370550849813
Toyota,2000,1.9,101350,16271.066439802702
Honda,2010,3.9,177696,22401.890926595406
BMW,2016,2.8,16427,30766.84411921527
Audi,2004,1.5,164348,18340.76773888485
Ford,2006,3.0,71643,23236.84170280647
Toyota,2018,2.4,134511,29503.558295522016
BMW,2014,3.3,78672,30944.942798394204
Audi,2002,4.1,17300,26386.106017011043
BMW,2014,2.4,60289,28425.17326959236
Audi,2004,2.0,148254,18625.992659194268
Honda,2011,1.1,181984,19284.01440751678
BMW,2019,3.0,157981,28481.88401544286
BMW,2004,2.4,19659,25190.31531302548
BMW,2002,2.3,162475,14567.40380071618
Honda,2008,1.6,164658,19248.87664902724
Toyota,2008,2.5,10360,27008.987249084952
Audi,2006,4.4,21424,24150.39001597226
BMW,2001,2.0,98035,19378.806954119093
Honda,2020,3.1,48791,31292.22989752252
Toyota,2015,3.7,134137,26276.373846292627
Audi,2008,3.6,199867,20218.692271633387
Honda,2012,2.2,12300,25677.70591326012
Audi,2018,3.1,33370,32809.582954226775
BMW,2019,4.0,27209,34506.13511145146
Toyota,2016,1.1,20927,26399.21002822621
Honda,2005,2.5,34579,24863.533650036403
Toyota,2003,1.8,9032,20268.0075647344
BMW,2000,2.4,93254,19288.553556780807
Toyota,2017,2.5,78413,29520.54782700672
Toyota,2018,3.6,171803,27220.34731923514
Ford,2008,1.3,113528,21501.368415097284
Toyota,2012,2.8,184839,23688.754765104237
Audi,2007,3.0,123916,22141.504545928503
Honda,2012,2.7,72302,28975.798969017906
Ford,2014,3.6,181026,23978.52966869796
Honda,2010,2.3,85757,22913.228252901445
Honda,2011,4.3,156174,24505.79876320584
BMW,2013,2.7,165505,23158.70517974332
BMW,2003,3.0,15932,27873.75569634464
Ford,2000,3.9,25714,25517.225709627583
BMW,2003,2.0,57803,20262.536256793614
BMW,2018,1.3,170815,24947.77009364076
BMW,2008,3.5,133624,20449.16697730669
Honda,2009,2.7,56627,24734.23923104735
Ford,2003,4.1,177059,21632.618756453976
Honda,2019,4.4,79810,36842.41449307512
Audi,2008,2.4,45380,26492.36252844079
Honda,2012,2.5,160322,22483.67511632766
Audi,2011,2.4,199416,18747.46965961865
Toyota,2010,2.1,64686,26061.84231609852
Toyota,2011,3.7,120321,26142.685342021625
Audi,2017,3.7,45028,31139.53729197091
Audi,2011,2.7,146367,21963.66246325903
Honda,2015,1.2,113141,21508.05800663881
Audi,2004,2.1,55248,22464.831228761654
Ford,2019,2.0,10523,32297.5289460852
Toyota,2011,3.8,45530,33092.26639729553
Toyota,2020,1.3,13769,29716.75574861876
Audi,2010,3.8,194114,21532.746490393023
BMW,2008,3.3,112035,26516.61264302641
BMW,2017,3.6,175717,29524.328700915783
Audi,2002,2.5,193214,16288.721954797327
Ford,2019,3.4,156629,26961.423657103594
BMW,2016,3.1,79782,28264.86466545809
Audi,2013,3.7,78382,25294.76637027943
Ford,2000,2.6,168157,13936.613401808594
Ford,2016,2.7,181780,23514.124847007217
Honda,2007,3.3,182429,19616.57826797136
Ford,2004,1.4,110939,19499.865947990053
BMW,2004,2.5,144542,18382.494426341666
BMW,2008,4.4,78712,26412.285406725583
Audi,2002,1.1,118643,16950.538518690646
Audi,2018,2.1,107417,31839.68049094693
Ford,2008,2.1,137877,19671.451665206947
Toyota,2021,3.2,128256,29764.97504269076
Honda,2017,1.4,193100,22338.85116242536
Toyota,2015,3.2,181844,22664.56321686147
Ford,2000,1.3,183176,14986.715073270769
Ford,2001,1.3,101422,13870.819777764144
Toyota,2013,3.5,89300,27219.545965462763
Honda,2013,2.1,6630,28746.05820498289
Toyota,2000,4.4,124474,21878.61549050721
Audi,2015,1.1,98869,19813.58740002017
BMW,2014,2.6,15701,33120.4297893222
Audi,2014,1.4,145931,22331.88516990167
BMW,2011,2.2,152255,23532.912890998254
Ford,2015,4.5,171510,30150.571474927743
Honda,2013,4.1,97285,27354.622443325887
Toyota,2014,1.2,117556,17533.491998554404
Honda,2014,3.0,173316,25626.932150593664
Toyota,2018,3.3,15021,33276.18465965322
Audi,2007,1.7,186637,14301.81300825588
Audi,2001,1.5,179115,14696.84930608102
Toyota,2001,4.2,64361,29609.06386426452
Honda,2009,4.4,132317,25466.33700972334
Toyota,2002,4.5,172083,22298.082614604635
Ford,2016,3.8,10355,32107.244413061064
Audi,2007,3.3,98841,20784.434469100896
Ford,2003,2.2,179764,17739.680938645983
Audi,2013,1.6,180076,20788.346343616537
Audi,2020,1.3,160786,22629.29433068185
BMW,2009,3.4,17198,32852.53861605079
Ford,2000,3.7,66951,19523.472060686192
Ford,2003,3.9,132724,19203.73984815596
BMW,2000,4.2,174697,17579.414810494927
Honda,2016,4.1,18740,33550.20598535879
Ford,2016,4.5,3810,38740.20941505724
Toyota,2006,1.9,123743,19711.245875621524
BMW,2019,3.7,147641,28132.042020800465
Ford,2014,3.1,99855,24667.236464418227
Honda,2012,1.9,26783,29634.11708368306
Ford,2001,4.4,121701,19941.668233065524
Audi,2018,4.1,78047,29748.42741727965
Toyota,2012,1.4,9471,26525.93371810565
BMW,2010,1.1,110771,20987.838049310336
Audi,2021,3.4,6163,34551.564799679385
Honda,2014,3.1,194159,23906.08500591521
Audi,2009,4.3,62071,28430.497446038506
Audi,2008,1.8,16065,27902.28787922317
Honda,2008,1.3,122323,20494.071224166142
Audi,2019,1.9,117969,29984.50868072827
BMW,2000,1.1,83456,16142.742148245025
Ford,2016,1.1,179420,21916.94204881119
Audi,2011,4.2,19154,28368.67755637264
BMW,2009,2.2,105703,28398.167386151785
Ford,2004,2.4,20229,26376.443066942516
Ford,2017,1.1,52587,26478.03555555456
Audi,2014,1.9,49713,26796.099578734294
BMW,2005,3.8,158069,20702.503852725466
Audi,2006,3.2,21101,31025.02324620335
Honda,2016,3.6,40391,33977.54900068243
Ford,2005,2.6,72723,22177.2133952293
Audi,2007,2.1,190477,14698.519963751436
Ford,2011,2.7,166020,23991.209271015832
BMW,2020,2.1,100264,29863.897852627248
Toyota,2013,3.9,184103,25507.5913945012
Audi,2011,2.0,37921,26436.4611292362
Audi,2009,3.3,28460,28077.76510217848
Ford,2021,1.5,152143,28263.29702295948
BMW,2019,3.4,197190,28997.038478608956
Honda,2014,4.2,179354,26712.54975128324
BMW,2006,3.1,91725,25553.431729679814
Audi,2008,3.0,58445,26549.946328341422
Honda,2009,4.4,82208,25449.62845506619
BMW,2009,3.2,185888,18646.114487980707
Toyota,2015,1.9,106283,27278.21380609888
Ford,2006,2.0,85779,24258.46069562238
BMW,2004,3.5,3060,29955.25401661924
BMW,2002,3.6,125806,21601.804620174065
Toyota,2017,2.1,13731,33196.04791259053
Audi,2010,2.2,77830,24392.22541100154
Ford,2014,4.5,115871,30449.230673076603
BMW,2020,1.4,20719,30354.68526375977
Honda,2019,2.4,178114,22280.728733700234
BMW,2004,1.2,49116,22673.343944994536
Ford,2011,3.9,26325,33533.998809322286
BMW,2003,1.3,153669,20364.467560833436
Toyota,2014,3.4,198511,23402.50800279199
BMW,2008,1.2,14551,22576.83036324354
BMW,2006,3.4,93287,23478.768525342373
Honda,2009,4.0,24278,30014.31722894964
Toyota,2012,2.4,15141,29339.945613255823
Toyota,2007,2.8,67913,25646.102513476864
BMW,2011,2.4,33615,28345.188584793337
Honda,2021,2.1,122058,29151.26451693051
BMW,2018,3.8,193823,26303.696095385163
BMW,2000,2.0,112684,12915.208194446448
Ford,2015,3.5,27452,32581.667657386897
Ford,2021,1.7,153797,25383.611522614377
Honda,2016,1.9,50391,29380.983727641866
Audi,2017,2.2,120288,25162.63558884495
Ford,2010,3.1,113535,24970.301448952778
Audi,2017,2.6,142770,26673.984375057767
Toyota,2006,3.6,86711,24544.365596538628
Ford,2017,1.7,77850,28359.241204460563
Ford,2007,1.0,109733,19153.59986492969
Honda,2005,3.7,2365,29095.0676646302
Audi,2006,3.9,97662,19071.482401886
Ford,2021,1.2,43372,27443.625430348955
Ford,2009,3.1,44134,25210.9683686807
Honda,2010,2.3,37823,27141.514435799338
Honda,2012,3.8,71158,31585.430466593
Audi,2008,4.1,96076,26159.369790567744
Toyota,2006,4.0,133021,25045.546358609736
Toyota,2008,3.7,49396,29226.70531265174
BMW,2012,1.9,108336,23662.98684694064
Ford,2002,3.8,31912,27152.35340166336
Audi,2002,2.9,56947,23444.53743766368
Ford,2000,1.2,44387,18896.089006414448
Audi,2020,2.6,195037,25230.31069933307
Audi,2019,4.3,16508,39167.862819603455
Audi,2001,4.1,45592,26365.897946951394
Ford,2002,1.4,109249,17773.492240077318
Honda,2014,3.6,1919,31349.14883766104
Ford,2005,3.8,42595,29802.00029852922
Audi,2012,1.9,140689,18951.45293800211
BMW,2020,2.7,33298,29322.973838803795
Toyota,2000,3.5,138001,19842.87137663502
Audi,2019,2.5,14456,31015.679617770555
BMW,2018,1.4,109599,27498.248005694888
Honda,2000,3.5,86676,18298.788749268035
Audi,2020,4.2,83721,35137.56294502124
BMW,2021,3.3,37924,35845.763869475806
Audi,2001,3.7,24240,25924.031928215813
Ford,2014,2.3,87381,22031.806714839386
BMW,2013,1.6,9228,24791.99375936146
Ford,2018,3.2,21686,33795.57055544985
Ford,2010,2.1,11920,27138.415999229102
BMW,2014,4.0,7432,35083.06056980601
Toyota,2005,1.4,194647,14431.217416537524
BMW,2019,2.5,110507,27664.28873549533
Toyota,2008,2.4,130509,16421.914853082533
Audi,2004,4.3,71725,27658.61462354524
Audi,2019,1.5,164982,21952.607630482187
BMW,2001,1.0,121764,14615.388152561552
Audi,2005,1.8,161298,14895.541913781695
Honda,2017,3.9,59099,29264.227872099305
Ford,2018,1.7,112557,28716.42565633024
Ford,2008,1.8,86760,23852.975389909778
Toyota,2020,1.5,18013,32723.341150708264
Audi,2005,3.5,21446,26994.678763801265
Toyota,2013,1.2,105209,19163.70510806841
Ford,2012,2.2,193581,23925.03951167561
Ford,2010,2.0,102261,23731.53326252679
Audi,2011,2.9,95739,25786.62840015399
Honda,2018,3.6,557,34453.88395540584
Honda,2018,2.9,161738,21623.98749412477
Audi,2020,4.3,168461,31460.067464553445
Audi,2018,4.3,178772,25545.99298619549
Toyota,2012,2.3,130878,24149.23832572451
Audi,2013,3.7,99143,29484.517922247127
Honda,2017,3.6,24578,34139.415243746305
Audi,2011,4.1,74779,29900.99708066377
Toyota,2003,2.6,140668,21358.839503796597
Toyota,2009,2.9,57500,24840.169176334057
Toyota,2016,2.5,72534,28702.305180087013
Toyota,2003,4.0,10129,27543.33919064033
BMW,2011,1.8,194466,14697.569904355794
Audi,2012,1.8,197118,19316.766659734018
Ford,2003,2.3,11596,27022.70119304937
Audi,2009,1.8,65355,26584.91831735439
BMW,2002,3.0,12974,29066.254418591463
Toyota,2014,1.5,197745,15565.311750821516
BMW,2001,2.1,112004,21357.055395762483
Honda,2016,4.2,126794,29429.97952872076
Honda,2005,2.4,70202,25991.02501473992
Audi,2007,3.6,74442,25188.33518160915
Audi,2002,1.4,152890,14093.89904241023
Ford,2017,1.9,174318,20153.554847546213
Ford,2021,3.8,55598,35872.05513281232
Honda,2000,3.7,133726,20742.6521410635
Toyota,2015,2.4,33758,27378.08087553935
BMW,2006,4.3,24204,25061.526465974
Ford,2002,4.2,127309,22865.04046864679
Ford,2003,4.4,166000,22058.340733889465
Toyota,2008,2.5,184681,16792.04697654847
Toyota,2004,1.7,30552,20496.74317325808
Audi,2018,3.2,141408,28641.33635829249
BMW,2014,3.4,47037,34160.93739664977
Toyota,2007,1.4,147278,16946.119602183866
Ford,2005,3.8,34831,25599.17213455413
Ford,2017,1.1,43563,28119.56692750116
Honda,2018,2.7,18361,33752.45612969614
Toyota,2014,2.2,41335,27604.669808215174
Audi,2006,3.6,74469,29526.732166983908
BMW,2009,2.1,25816,28212.57024428336
Audi,2005,3.9,146691,21202.90858793667
Ford,2013,3.1,92479,23891.08405544359
Audi,2016,3.8,26819,35897.89357562975
Ford,2008,4.5,142813,27243.212472430143
Ford,2018,3.4,122330,28077.994260076463
Ford,2004,4.4,8798,30061.25091522509
Ford,2006,1.1,156215,16088.310205034984
Ford,2018,2.2,49695,30956.447762217937
Honda,2019,1.4,163819,21059.150937736635
Audi,2006,1.9,129544,16987.761759846308
Honda,2001,3.9,152254,21309.027465521045
Honda,2015,1.1,9415,30104.4796870192
Toyota,2012,2.8,142157,22510.56594875679
Toyota,2007,3.0,146080,19697.757848077952
Toyota,2005,3.0,87638,25413.232904289394
BMW,2005,2.7,18452,24546.87496136964
Toyota,2008,3.8,195147,20953.472511971533
Audi,2003,1.5,139192,16397.570043254695
Honda,2010,2.1,195457,15493.338109296164
Audi,2004,3.2,110205,22273.978534157337
Toyota,2016,3.4,18170,33080.31390680832
BMW,2019,2.4,16259,33207.43255620322
BMW,2006,4.1,22099,29411.51173930657
Honda,2014,2.5,140721,28235.324818826743
Audi,2014,2.4,129394,26653.65646264646
Ford,2013,1.1,59258,24814.7180009096
Audi,2012,2.9,172109,22455.02816769908
Toyota,2010,3.5,11805,33936.98841550158
Ford,2012,1.4,43147,27368.825572010493
BMW,2021,2.1,74280,27527.994279011105
Honda,2008,3.7,177125,23441.646445614195
Honda,2009,2.3,106777,25246.752164119887
BMW,2003,1.8,97841,22443.38415155157
Toyota,2016,3.4,124726,26760.716636785022
BMW,2013,1.7,128359,21533.149009062065
Toyota,2017,4.1,76215,30005.61995710534
Ford,2010,1.4,112909,21770.804928672267
BMW,2015,3.5,95365,30197.4851649114
Toyota,2000,2.7,10985,22824.09162664499
Ford,2006,4.0,12391,29096.81940466168
BMW,2009,1.4,4861,21949.514408761872
Honda,2008,3.4,194654,23086.1981008053
BMW,2002,3.0,183000,13720.047256999806
Audi,2021,2.7,34364,33931.35950438561
BMW,2013,2.7,82399,27256.55966674469
Audi,2014,3.5,42923,30945.465937063196
Ford,2001,4.3,138991,21288.04375667938
BMW,2013,1.3,186968,16728.03764855433
Ford,2015,1.1,85818,23752.96959161101
Ford,2006,3.8,178468,22614.501304504334
Toyota,2003,1.4,165912,17534.71100087327
Ford,2017,4.5,173327,26991.84812285012
Ford,2004,3.2,71160,20721.16093904617
BMW,2005,3.3,128165,20134.402297405908
BMW,2006,1.7,139248,22142.99418970576
Honda,2014,1.8,33529,26485.26102002555
Toyota,2000,3.3,187478,16031.69265948044
Ford,2003,4.2,144013,24531.174724039647
Toyota,2000,4.4,1669,26662.757989325783
Audi,2010,1.7,117373,21200.279220704644
Ford,2017,1.5,44859,29846.04658151262
Toyota,2013,1.2,55786,28534.31373505901
Honda,2021,4.0,182155,27101.146270610043
Honda,2010,2.0,171148,22226.790488242365
Ford,2009,1.0,20323,23920.792580271354
Audi,2016,1.8,6021,28527.09258907013
Honda,2003,2.2,39807,23408.76286061512
Honda,2014,4.5,128305,26269.613884462808
Audi,2015,2.8,50355,30526.27286292576
Toyota,2020,1.7,113415,33028.54602226908
Honda,2012,2.2,175804,22821.001630507388
BMW,2008,2.2,8711,26754.65072441976
Honda,2010,1.1,194151,18596.853815348863
Toyota,2010,1.5,7904,24741.756542765477
Toyota,2005,3.4,64033,23571.00072799566
Ford,2000,1.4,86478,17321.77044957747
BMW,2021,1.8,120035,27273.812399699676
Toyota,2005,2.2,186168,14004.994361580464
Audi,2012,3.7,3093,31632.395015779137
BMW,2021,3.0,24918,33964.92256602789
BMW,2021,3.4,193708,29698.544695677265
Audi,2004,3.0,189878,14919.408967330335
Honda,2014,3.4,140466,23004.602918828856
Audi,2017,1.0,124501,23626.367885209133
Audi,2019,4.3,92510,34776.253205454785
Honda,2013,1.4,93708,24717.78602808103
Honda,2014,2.4,97819,26514.403786845945
Honda,2004,3.7,144352,20605.18393999694
Honda,2003,2.5,36303,25037.059858589662
Honda,2001,4.3,27453,28381.128439633416
Audi,2006,2.6,108886,21241.078267630648
Ford,2009,4.1,60695,26768.00097962714
Ford,2015,3.8,199521,22239.70580929438
Toyota,2009,4.4,156837,26215.61855609533
Ford,2017,4.2,133412,26140.85335780489
Ford,2016,4.1,38057,36651.26835059423
Audi,2020,3.6,131669,28704.298613010797
Honda,2012,2.3,189060,20766.06386060848
Honda,2000,1.4,94655,18470.670115954184
Audi,2000,3.4,15025,23681.37856994183
Ford,2014,4.4,7145,33522.95431468951
Audi,2000,3.5,101206,21203.640003891152
Toyota,2005,4.3,186869,19049.108361568786
Honda,2012,3.8,41723,28378.56647333485
BMW,2000,1.6,73230,16582.93551064051
Toyota,2004,1.9,135902,20423.192572180425
Toyota,2008,2.2,155002,20445.74969343067
Audi,2016,1.6,154824,20872.465882247303
Ford,2015,3.0,108138,28838.61891246819
Honda,2007,4.4,62040,26722.489506334237
BMW,2016,3.7,108668,25065.775596685184
Toyota,2014,2.5,198768,22455.217982320704
BMW,2000,1.0,195720,14506.461903619813
Ford,2011,2.1,55030,27064.579343038036
Ford,2004,2.8,56815,19984.57609712983
BMW,2005,2.1,112789,20013.43919955849
Honda,2000,1.4,166762,12912.744000494074
Ford,2000,2.5,57923,21860.274325287784
BMW,2009,1.9,167644,17223.26144626241
Toyota,2009,4.2,185102,21977.94549981292
BMW,2002,1.4,67904,16564.634033954575
BMW,2016,1.2,160275,21829.79156488277
Audi,2018,1.0,77088,23379.808161454923
Ford,2010,2.1,5608,28794.44897144587
Honda,2017,3.3,45667,30315.555621993903
Honda,2001,3.6,55547,17639.82091740691
Audi,2008,2.6,153557,22109.666286198262
Honda,2016,3.4,140934,27741.3800384248
BMW,2013,2.3,128391,26386.3340955414
Audi,2003,3.3,75948,19122.362985660187
Toyota,2016,1.1,71880,24296.900920327236
Ford,2016,2.4,57560,29185.18592112373
Ford,2011,3.8,115063,27490.26178607263
Ford,2019,3.8,94218,28463.332124521134
BMW,2017,3.5,114462,29639.81991545443
Toyota,2002,1.7,159487,14282.096182781224
Audi,2010,1.9,195595,14310.09267302652
Audi,2017,4.5,150395,27478.88802589669
Ford,2003,1.4,184286,15114.454273227717
Toyota,2016,1.6,17997,25673.5538552674
Toyota,2017,1.5,121266,25710.80367921752
Toyota,2004,2.1,188075,16363.006004803525
Honda,2013,1.7,3679,28208.33184570986
Honda,2009,2.7,40308,23614.2049800315
Ford,2014,2.7,170914,19744.4023531317
Toyota,2000,4.2,196480,16779.03670973529
Toyota,2015,1.1,185010,17199.61995623003
Audi,2010,2.1,5695,27247.73278901873
Audi,2019,3.1,58499,33587.414314696594
Ford,2005,3.1,23382,25984.857565168146
Toyota,2021,2.7,14235,33587.36012453767
Ford,2015,3.9,193295,24035.944448670376
Audi,2001,1.2,133438,17254.90386193008
Audi,2000,3.9,158539,21459.78977497134
Honda,2008,2.7,190388,19724.467424347014
Ford,2021,1.5,112468,27149.783034796783
Ford,2011,4.1,6764,32820.925229711924
Toyota,2016,3.3,113831,30764.35380450617
Toyota,2014,1.6,61836,27060.70552017444
Honda,2018,1.1,31923,31648.72781951309
BMW,2021,1.5,95711,26876.28029602585
BMW,2009,3.1,16292,26214.261960597112
BMW,2011,1.6,124913,20116.23103206856
Ford,2013,1.8,132686,21340.10613849594
Ford,2008,1.1,20939,27362.10585547259
Audi,2012,3.5,18800,32532.827489072028
Ford,2002,3.8,56440,23503.08695136477
Ford,2020,3.8,154318,30500.922353865397
Ford,2013,1.4,127521,21664.78777781604
Honda,2020,4.2,183877,31475.253384153933
Ford,2009,3.4,121327,23566.24751062191
Toyota,2015,4.1,49648,29139.821485842825
Toyota,2006,2.6,115192,21066.897866998635
Audi,2003,2.5,187923,15437.541335845408
Honda,2019,3.7,162760,25075.546704103363
Toyota,2010,1.3,93498,23096.923514556613
Honda,2015,2.8,29764,33461.2376606341
Honda,2019,3.9,32470,32431.531352554262
Audi,2003,3.9,169573,21766.770785844343
Honda,2021,4.3,57207,34026.38834535573
Ford,2021,3.4,62157,33142.712886753456
Honda,2016,1.7,134288,23426.05555120308
Audi,2012,1.1,153144,19493.37826986215
Audi,2010,2.7,93778,25657.26534399011
Audi,2002,2.8,130016,17050.834719104532
Toyota,2008,1.8,124288,22972.200218212456
Ford,2005,1.4,168204,16896.885513433524
Toyota,2021,3.1,110573,31842.51555267945
BMW,2020,3.7,120730,28803.36809414977
Ford,2010,4.5,148933,23323.802277925504
Honda,2015,3.7,64186,33056.12686374881
Audi,2018,3.8,4960,33036.5015082724
BMW,2004,3.2,18781,26759.560482450885
Ford,2013,4.5,31126,34981.69166337588
Toyota,2016,3.2,153650,25463.89606179028
Audi,2002,4.0,106034,25038.454126059263
Toyota,2003,4.3,17883,27662.73339241233
Ford,2015,4.3,29782,31056.06400243794
Ford,2015,2.3,56387,29028.99508221764
BMW,2020,1.3,148051,24594.04206742891
Honda,2003,1.6,33746,27388.65248761482
Toyota,2018,1.2,66266,25196.48226777396
BMW,2016,1.4,56,29293.5057893413
Audi,2012,1.6,31457,25165.41875963256
Honda,2021,2.2,133315,26949.280836856407
BMW,2000,2.9,186103,15129.245135187266
Toyota,2011,3.5,132773,23116.750355878983
Ford,2003,1.7,187453,15463.825219393775
Audi,2010,3.4,181510,21296.212255821072
Toyota,2004,3.5,73839,26999.01593576784
Honda,2001,3.0,80636,20171.0857534227
Honda,2016,4.2,107697,33737.89614263645
Ford,2007,1.4,66483,22527.59801275029
Ford,2005,1.6,20505,26217.4168791702
Audi,2020,2.5,137625,27349.656931245736
Audi,2008,1.4,33525,22562.441200288053
Ford,2012,3.0,96008,25672.558159681736
Ford,2010,2.4,44348,23809.063578324625
Honda,2015,2.0,7273,29913.282767612985
Ford,2015,1.6,64236,26832.38575226366
BMW,2001,2.2,134607,17261.095591370893
Toyota,2009,3.1,149749,24872.86445027373
Ford,2011,3.0,107157,24843.882337874187
Audi,2007,1.6,908,21866.61281431557
BMW,2010,1.4,108352,28470.530021919563
Audi,2009,1.1,95967,19520.432917033355
BMW,2012,1.0,88989,24488.04021758249
Ford,2016,4.1,35079,30437.55665791036
Toyota,2006,1.2,111889,19295.97434693671
Audi,2002,3.6,49323,23144.758383857265
BMW,2019,4.1,176392,22235.130083510947
Honda,2012,1.3,89909,22538.930009914908
Ford,2018,2.5,46105,30594.619283539007
Toyota,2006,4.4,161236,22300.428152687666
Ford,2008,3.9,132957,24638.376696567437
Honda,2018,2.7,188891,23416.4338265483
Toyota,2012,3.7,1049,32485.849632273097
Honda,2021,3.9,53281,34976.17400330859
Ford,2007,2.2,43271,24666.09382245913
BMW,2021,4.1,66697,34023.598335595845
Ford,2017,2.6,197423,21041.542979408783
Ford,2001,2.8,36534,24462.19120800823
Ford,2017,4.5,93034,31282.30530540028
Audi,2017,4.0,58097,31867.498548904205
Honda,2010,2.3,184885,20380.33862100852
Honda,2000,1.0,25037,20172.066054003128
Honda,2013,3.2,167079,22149.60935755684
Audi,2015,3.5,27278,34637.41728587654
BMW,2010,3.3,139344,21254.35203017524
Ford,2000,4.4,188255,16324.30091217851
BMW,2006,4.0,99173,26378.05793568692
Audi,2015,2.6,38294,33287.57119482889
Honda,2013,1.2,73277,23081.34561554113
Ford,2014,2.7,193581,22546.59274546629
Toyota,2013,3.4,4694,29680.57288346329
Toyota,2020,3.1,58150,30434.52936782139
BMW,2010,2.9,67470,28690.896383441363
Honda,2015,2.6,21556,31353.726061514277
Toyota,2018,2.0,195543,24549.309510281557
BMW,2016,2.0,180927,24126.267508872705
Audi,2005,2.8,49086,20466.60061376525
BMW,2010,1.6,149979,17309.141319888822
BMW,2016,2.2,179559,22971.00160315562
BMW,2008,2.1,160230,15794.32003811888
Ford,2017,3.1,151365,24023.13991479184
BMW,2016,1.2,176833,23412.28480882082
BMW,2011,3.9,99468,26243.46824677823
Ford,2021,3.0,33387,35251.24715724207
Ford,2021,3.3,171822,27452.563459695324
Audi,2004,3.5,68602,23210.02749141077
Honda,2010,2.0,152328,17055.181454598933
Toyota,2003,2.6,136666,19333.304213128755
Toyota,2003,4.3,2460,31886.211078137727
BMW,2002,3.7,72356,22479.14504046849
Audi,2016,4.4,54698,33202.29670845772
BMW,2006,3.6,101746,21073.122393296017
Toyota,2003,1.6,16191,21546.099617499905
Ford,2012,1.2,84631,23850.21331892312
Honda,2011,3.0,10529,31460.981640799622
Audi,2000,2.3,32175,23103.147499916373
Ford,2020,2.0,17675,28053.147378505528
Honda,2018,3.8,174230,25974.630321730518
Audi,2020,2.3,46798,29325.53777941075
Audi,2019,2.1,70910,28536.443448365917
Toyota,2017,4.0,130400,28757.617129025308
Ford,2010,4.0,157048,26280.303782390474
Audi,2019,2.2,194188,23781.07407338705
Audi,2002,3.9,78678,26701.763945774168
Honda,2016,4.0,62821,30459.92937114564
Toyota,2011,2.5,12204,26055.64688415636
BMW,2009,1.2,186737,19473.63528164093
Toyota,2007,1.0,7394,24997.210475801265
BMW,2014,2.8,64814,26872.756465282208
Ford,2004,2.2,33593,24595.995757020573
Ford,2003,4.5,173036,22518.719134398863
Audi,2020,3.7,115064,30885.181626015183
Ford,2019,3.7,53365,31773.677143946923
Audi,2018,4.3,131515,29141.724390288648
Toyota,2020,4.1,159252,29818.642995699603
Ford,2003,2.1,179863,16104.625910711376
Toyota,2014,1.6,174737,22887.67011557083
Toyota,2016,3.6,103700,28463.17957519594
Ford,2011,2.3,97077,22318.62880324897
Toyota,2002,2.7,134537,23827.258659140065
Ford,2009,3.2,68247,26836.626398975477
Ford,2014,4.2,182631,26936.975515779075
Ford,2009,2.5,156270,21730.19674405176
BMW,2017,3.7,54740,32536.148877121777
Toyota,2000,1.9,153560,14666.512538513663
Honda,2002,3.4,169587,12713.01859328416
Ford,2020,1.0,27898,27478.65751840436
Toyota,2011,4.1,132991,26708.68842683459
Audi,2000,1.1,181142,6704.953523986209
Ford,2002,3.5,62613,24012.58678542056
Ford,2002,1.2,96707,18887.111021728648
Honda,2004,1.9,111777,20877.707234206868
BMW,2018,2.7,47003,32246.16049492941
BMW,2000,2.5,48478,23492.883903234226
Ford,2003,1.7,145506,19835.92276648376
Toyota,2003,2.2,177318,18226.33587081837
Audi,2016,3.5,167721,26007.61279780386
Audi,2013,3.3,59030,28879.26029045449
Toyota,2017,1.3,184133,21122.62574910538
Ford,2000,3.6,133071,18995.45369665056
Audi,2021,1.2,145921,26839.11146449125
BMW,2015,2.9,52800,30804.200416601976
Toyota,2002,1.9,5445,22765.597091106545
Honda,2020,3.1,149112,30392.575567224198
Ford,2008,1.9,195387,16446.89229193078
Toyota,2003,4.4,246,27396.156707853446
Audi,2020,2.1,31153,31620.864906698407
